Permissions,Count
android.permission.INTERNET,824
android.permission.READ_PHONE_STATE,714
android.permission.WRITE_EXTERNAL_STORAGE,611
android.permission.SEND_SMS,591
android.permission.RECEIVE_SMS,440
android.permission.READ_SMS,396
android.permission.ACCESS_COARSE_LOCATION,285
android.permission.WRITE_SMS,283
android.permission.READ_CONTACTS,257
android.permission.ACCESS_FINE_LOCATION,231
android.permission.CALL_PHONE,229
android.permission.GET_TASKS,219
android.permission.SYSTEM_ALERT_WINDOW,210
android.permission.CHANGE_WIFI_STATE,209
android.permission.WAKE_LOCK,175
android.permission.DISABLE_KEYGUARD,174
android.permission.WRITE_CONTACTS,148
android.permission.WRITE_SETTINGS,128
android.permission.CHANGE_NETWORK_STATE,103
android.permission.CAMERA,81
android.permission.PROCESS_OUTGOING_CALLS,79
android.permission.MOUNT_UNMOUNT_FILESYSTEMS,69
android.permission.BLUETOOTH,60
android.permission.RECORD_AUDIO,59
android.permission.RECEIVE_MMS,55
android.permission.RECEIVE_WAP_PUSH,52
android.permission.CHANGE_CONFIGURATION,35
android.permission.ACCESS_MOCK_LOCATION,33
android.permission.CLEAR_APP_CACHE,30
com.android.browser.permission.READ_HISTORY_BOOKMARKS,30
android.permission.MANAGE_ACCOUNTS,25
com.android.launcher.permission.INSTALL_SHORTCUT,25
com.android.browser.permission.WRITE_HISTORY_BOOKMARKS,25
com.android.launcher.permission.UNINSTALL_SHORTCUT,24
android.permission.MODIFY_AUDIO_SETTINGS,22
android.permission.BLUETOOTH_ADMIN,20
android.permission.MOUNT_FORMAT_FILESYSTEMS,15
android.permission.READ_CALL_LOG,13
android.permission.USE_CREDENTIALS,13
android.permission.NFC,12
android.permission.PERSISTENT_ACTIVITY,11
android.permission.READ_LOGS,8
android.permission.READ_EXTERNAL_STORAGE,7
android.permission.WRITE_CALL_LOG,7
android.permission.CHANGE_WIFI_MULTICAST_STATE,6
android.permission.AUTHENTICATE_ACCOUNTS,5
android.permission.READ_CALENDAR,3
android.permission.WRITE_CALENDAR,3
android.permission.WRITE_SYNC_SETTINGS,3
android.permission.BATTERY_STATS,3
android.permission.SUBSCRIBED_FEEDS_WRITE,2
android.permission.USE_SIP,2
android.permission.WRITE_APN_SETTINGS,2
com.android.launcher.permission.CALL_PHONE,2
android.permission.SET_DEBUG_APP,2
android.permission.REORDER_TASKS,1
android.permission.SET_TIME_ZONE,1
android.permission.READ_PROFILE,1
android.permission.RESTART_PACKAGES,1
android.permission.MODIFY_PHONE_STATE,1
android.permission.ACCESS_WIFI_STATE.android.permission.READ_PHONE_STATE,1
android.permission.SET_ALWAYS_FINISH,1
android.permission.GET_ACCOUNTS,1
